{"cameraMode":{"drawMode":0,"name":"Shaded","section":"Shading Mode"},"sceneLighting":true,"audioPlay":false,"sceneViewState":{"showFog":true,"showMaterialUpdate":false,"showSkybox":true,"showFlares":true,"showImageEffects":true,"showParticleSystems":true},"in2DMode":false,"pivot":{"x":-98.1449966430664,"y":-1.508407711982727,"z":-0.46354833245277407},"rotation":{"x":-0.034018248319625857,"y":0.7090147137641907,"z":-0.03428452089428902,"w":-0.7035378813743591},"size":35.41445541381836,"orthographic":false}