{"cameraMode":{"drawMode":0,"name":"Shaded","section":"Shading Mode"},"sceneLighting":true,"audioPlay":false,"sceneViewState":{"showFog":true,"showMaterialUpdate":false,"showSkybox":true,"showFlares":true,"showImageEffects":true,"showParticleSystems":true},"in2DMode":false,"pivot":{"x":-65.59635925292969,"y":7.458770751953125,"z":-5.2512311935424809},"rotation":{"x":-0.29876917600631716,"y":0.15795108675956727,"z":-0.05023154988884926,"w":-0.9398219585418701},"size":4.305187225341797,"orthographic":false}