{"cameraMode":{"drawMode":0,"name":"Shaded","section":"Shading Mode"},"sceneLighting":false,"audioPlay":false,"sceneViewState":{"showFog":true,"showMaterialUpdate":false,"showSkybox":false,"showFlares":true,"showImageEffects":true,"showParticleSystems":true},"in2DMode":false,"pivot":{"x":109.77928924560547,"y":1.6913256645202637,"z":43.117218017578128},"rotation":{"x":-0.031177377328276635,"y":0.817133903503418,"z":-0.04442300274968147,"w":-0.5738874077796936},"size":5.928479194641113,"orthographic":false}