{"cameraMode":{"drawMode":0,"name":"Shaded","section":"Shading Mode"},"sceneLighting":false,"audioPlay":false,"sceneViewState":{"showFog":true,"showMaterialUpdate":false,"showSkybox":false,"showFlares":true,"showImageEffects":true,"showParticleSystems":true},"in2DMode":false,"pivot":{"x":101.99189758300781,"y":3.033597469329834,"z":34.454254150390628},"rotation":{"x":-0.08375699073076248,"y":0.7189331650733948,"z":-0.08801186084747315,"w":-0.684378445148468},"size":1.3673635721206666,"orthographic":false}