{"cameraMode":{"drawMode":0,"name":"Shaded","section":"Shading Mode"},"sceneLighting":true,"audioPlay":false,"sceneViewState":{"showFog":true,"showMaterialUpdate":false,"showSkybox":true,"showFlares":true,"showImageEffects":true,"showParticleSystems":true},"in2DMode":false,"pivot":{"x":-53.82741165161133,"y":45.527320861816409,"z":-20.481098175048829},"rotation":{"x":0.09999597817659378,"y":0.02687659300863743,"z":0.0026838048361241819,"w":-0.994621217250824},"size":50.07237243652344,"orthographic":false}