{"cameraMode":{"drawMode":0,"name":"Shaded","section":"Shading Mode"},"sceneLighting":true,"audioPlay":false,"sceneViewState":{"showFog":true,"showMaterialUpdate":false,"showSkybox":true,"showFlares":true,"showImageEffects":true,"showParticleSystems":true},"in2DMode":false,"pivot":{"x":17.025634765625,"y":-22.177513122558595,"z":60.353546142578128},"rotation":{"x":0.09887459874153137,"y":0.45280277729034426,"z":-0.050588224083185199,"w":0.8846662044525147},"size":122.44930267333985,"orthographic":false}