{"cameraMode":{"drawMode":0,"name":"Shaded","section":"Shading Mode"},"sceneLighting":false,"audioPlay":false,"sceneViewState":{"showFog":true,"showMaterialUpdate":false,"showSkybox":false,"showFlares":true,"showImageEffects":true,"showParticleSystems":true},"in2DMode":false,"pivot":{"x":85.90064239501953,"y":2.2338674068450929,"z":20.54297637939453},"rotation":{"x":-0.08375699073076248,"y":0.7189331650733948,"z":-0.08801186084747315,"w":-0.684378445148468},"size":0.3266999423503876,"orthographic":false}