{"cameraMode":{"drawMode":0,"name":"Shaded","section":"Shading Mode"},"sceneLighting":true,"audioPlay":false,"sceneViewState":{"showFog":true,"showMaterialUpdate":false,"showSkybox":true,"showFlares":true,"showImageEffects":true,"showParticleSystems":true},"in2DMode":false,"pivot":{"x":-99.11952209472656,"y":-7.173581123352051,"z":-19.45891571044922},"rotation":{"x":0.05761745944619179,"y":-0.8795449733734131,"z":0.11034936457872391,"w":0.4592427611351013},"size":45.552215576171878,"orthographic":false}